<?xml version="1.0" encoding="UTF-8"?>
<!DOCTYPE suite SYSTEM "http://testng.org/testng-1.0.dtd">
<suite name="Suite">
  <test thread-count="5" name="Test">
    <classes>
      <class name="com.annotation.ParamWithExcel"/>
      <class name="com.annotation.WorkWIthExcel"/>
      <class name="com.annotation.OnemoreAssert"/>
      <class name="com.annotation.Param"/>
      <class name="com.annotation.SoftAssertEx"/>
      <class name="com.annotation.Order"/>
      <class name="com.annotation.Annot"/>
      <class name="com.annotation.HardAssertEx"/>
    </classes>
  </test> <!-- Test -->
</suite> <!-- Suite -->
