{"_id":{"$oid":"5dba81b2920dadd1c5cb7609"},"Bank Name":"Seaway Bank and Trust Company","City":"Chicago","ST":"IL","CERT":19328,"Acquiring Institution":"State Bank of Texas","Closing Date":"31-Oct-19","Updated Date":"17-Feb-17"}
{"_id":{"$oid":"5dba81b2920dadd1c5cb7613"},"Bank Name":"Edgebrook Bank","City":"Chicago","ST":"IL","CERT":57772,"Acquiring Institution":"Republic Bank of Chicago","Closing Date":"31-Oct-19","Updated Date":"12-Jul-16"}
{"_id":{"$oid":"5dba81b2920dadd1c5cb7616"},"Bank Name":"Highland Community Bank","City":"Chicago","ST":"IL","CERT":20290,"Acquiring Institution":"United Fidelity Bank, fsb","Closing Date":"31-Oct-19","Updated Date":"21-Apr-15"}
{"_id":{"$oid":"5dba81b2920dadd1c5cb7619"},"Bank Name":"The National Republic Bank of Chicago","City":"Chicago","ST":"IL","CERT":916,"Acquiring Institution":"State Bank of Texas","Closing Date":"31-Oct-19","Updated Date":"6-Jan-16"}
{"_id":{"$oid":"5dba81b2920dadd1c5cb761c"},"Bank Name":"GreenChoice Bank, fsb","City":"Chicago","ST":"IL","CERT":28462,"Acquiring Institution":"Providence Bank, LLC","Closing Date":"31-Oct-19","Updated Date":"12-Dec-16"}
{"_id":{"$oid":"5dba81b2920dadd1c5cb7639"},"Bank Name":"Covenant Bank","City":"Chicago","ST":"IL","CERT":22476,"Acquiring Institution":"Liberty Bank and Trust Company","Closing Date":"31-Oct-19","Updated Date":"21-Sep-15"}
{"_id":{"$oid":"5dba81b2920dadd1c5cb7662"},"Bank Name":"New City Bank","City":"Chicago","ST":"IL","CERT":57597,"Acquiring Institution":"No Acquirer","Closing Date":"31-Oct-19","Updated Date":"29-Oct-12"}
{"_id":{"$oid":"5dba81b2920dadd1c5cb7682"},"Bank Name":"Second Federal Savings and Loan Association of Chicago","City":"Chicago","ST":"IL","CERT":27986,"Acquiring Institution":"Hinsdale Bank & Trust Company","Closing Date":"31-Oct-19","Updated Date":"14-Jan-13"}
{"_id":{"$oid":"5dba81b2920dadd1c5cb769e"},"Bank Name":"First Chicago Bank & Trust","City":"Chicago","ST":"IL","CERT":27935,"Acquiring Institution":"Northbrook Bank & Trust Company","Closing Date":"31-Oct-19","Updated Date":"9-Sep-12"}
{"_id":{"$oid":"5dba81b2920dadd1c5cb76bc"},"Bank Name":"Community First Bank Chicago","City":"Chicago","ST":"IL","CERT":57948,"Acquiring Institution":"Northbrook Bank & Trust Company","Closing Date":"31-Oct-19","Updated Date":"20-Aug-12"}
{"_id":{"$oid":"5dba81b2920dadd1c5cb76f5"},"Bank Name":"ShoreBank","City":"Chicago","ST":"IL","CERT":15640,"Acquiring Institution":"Urban Partnership Bank","Closing Date":"31-Oct-19","Updated Date":"16-May-13"}
{"_id":{"$oid":"5dba81b2920dadd1c5cb76fa"},"Bank Name":"Ravenswood Bank","City":"Chicago","ST":"IL","CERT":34231,"Acquiring Institution":"Northbrook Bank & Trust Company","Closing Date":"31-Oct-19","Updated Date":"22-Aug-12"}
{"_id":{"$oid":"5dba81b2920dadd1c5cb7732"},"Bank Name":"Citizens Bank and Trust Company of Chicago","City":"Chicago","ST":"IL","CERT":34658,"Acquiring Institution":"Republic Bank of Chicago","Closing Date":"31-Oct-19","Updated Date":"5-Jun-14"}
{"_id":{"$oid":"5dba81b2920dadd1c5cb7733"},"Bank Name":"Broadway Bank","City":"Chicago","ST":"IL","CERT":22853,"Acquiring Institution":"MB Financial Bank, N.A.","Closing Date":"31-Oct-19","Updated Date":"23-Aug-12"}
{"_id":{"$oid":"5dba81b2920dadd1c5cb774f"},"Bank Name":"Lincoln Park Savings Bank","City":"Chicago","ST":"IL","CERT":30600,"Acquiring Institution":"Northbrook Bank & Trust Company","Closing Date":"31-Oct-19","Updated Date":"23-Aug-12"}
{"_id":{"$oid":"5dba81b2920dadd1c5cb7754"},"Bank Name":"New Century Bank","City":"Chicago","ST":"IL","CERT":34821,"Acquiring Institution":"MB Financial Bank, N.A.","Closing Date":"31-Oct-19","Updated Date":"23-Aug-12"}
{"_id":{"$oid":"5dba81b2920dadd1c5cb778a"},"Bank Name":"Park National Bank","City":"Chicago","ST":"IL","CERT":11677,"Acquiring Institution":"U.S. Bank N.A.","Closing Date":"31-Oct-19","Updated Date":"22-Aug-12"}
{"_id":{"$oid":"5dba81b2920dadd1c5cb77a0"},"Bank Name":"Corus Bank, N.A.","City":"Chicago","ST":"IL","CERT":13693,"Acquiring Institution":"MB Financial Bank, N.A.","Closing Date":"31-Oct-19","Updated Date":"21-Aug-12"}
{"_id":{"$oid":"5dba81b2920dadd1c5cb7820"},"Bank Name":"Universal Federal Savings Bank","City":"Chicago","ST":"IL","CERT":29355,"Acquiring Institution":"Chicago Community Bank","Closing Date":"31-Oct-19","Updated Date":"9-Apr-08"}
{"_id":{"$oid":"5dbfa0e2a041e106c0456d46"},"City":"Chicago"}
{"_id":{"$oid":"5dbfa0e2a041e106c0456d47"},"City":"Chicago"}
{"_id":{"$oid":"5dbfa0e2a041e106c0456d48"},"City":"Chicago"}
{"_id":{"$oid":"5dbfa0e2a041e106c0456d49"},"City":"Chicago"}
{"_id":{"$oid":"5dbfa0e2a041e106c0456d4a"},"City":"Chicago"}
{"_id":{"$oid":"5dbfa0e2a041e106c0456d4b"},"City":"Chicago"}
{"_id":{"$oid":"5dbfa0e2a041e106c0456d4c"},"City":"Chicago"}
{"_id":{"$oid":"5dbfa0e2a041e106c0456d4d"},"City":"Chicago"}
{"_id":{"$oid":"5dbfa0e2a041e106c0456d4e"},"City":"Chicago"}
{"_id":{"$oid":"5dbfa0e2a041e106c0456d4f"},"City":"Chicago"}
{"_id":{"$oid":"5dbfa0e2a041e106c0456d50"},"City":"Chicago"}
{"_id":{"$oid":"5dbfa0e2a041e106c0456d51"},"City":"Chicago"}
{"_id":{"$oid":"5dbfa0e2a041e106c0456d52"},"City":"Chicago"}
{"_id":{"$oid":"5dbfa0e2a041e106c0456d53"},"City":"Chicago"}
{"_id":{"$oid":"5dbfa0e2a041e106c0456d54"},"City":"Chicago"}
{"_id":{"$oid":"5dbfa0e2a041e106c0456d55"},"City":"Chicago"}
{"_id":{"$oid":"5dbfa0e2a041e106c0456d56"},"City":"Chicago"}
{"_id":{"$oid":"5dbfa0e2a041e106c0456d57"},"City":"Chicago"}
{"_id":{"$oid":"5dbfa0e2a041e106c0456d58"},"City":"Chicago"}
