{"_id":{"$oid":"5dba81b2920dadd1c5cb7609"},"City":"Chicago"}
{"_id":{"$oid":"5dba81b2920dadd1c5cb7613"},"City":"Chicago"}
{"_id":{"$oid":"5dba81b2920dadd1c5cb7616"},"City":"Chicago"}
{"_id":{"$oid":"5dba81b2920dadd1c5cb7619"},"City":"Chicago"}
{"_id":{"$oid":"5dba81b2920dadd1c5cb761c"},"City":"Chicago"}
{"_id":{"$oid":"5dba81b2920dadd1c5cb7639"},"City":"Chicago"}
{"_id":{"$oid":"5dba81b2920dadd1c5cb7662"},"City":"Chicago"}
{"_id":{"$oid":"5dba81b2920dadd1c5cb7682"},"City":"Chicago"}
{"_id":{"$oid":"5dba81b2920dadd1c5cb769e"},"City":"Chicago"}
{"_id":{"$oid":"5dba81b2920dadd1c5cb76bc"},"City":"Chicago"}
{"_id":{"$oid":"5dba81b2920dadd1c5cb76f5"},"City":"Chicago"}
{"_id":{"$oid":"5dba81b2920dadd1c5cb76fa"},"City":"Chicago"}
{"_id":{"$oid":"5dba81b2920dadd1c5cb7732"},"City":"Chicago"}
{"_id":{"$oid":"5dba81b2920dadd1c5cb7733"},"City":"Chicago"}
{"_id":{"$oid":"5dba81b2920dadd1c5cb774f"},"City":"Chicago"}
{"_id":{"$oid":"5dba81b2920dadd1c5cb7754"},"City":"Chicago"}
{"_id":{"$oid":"5dba81b2920dadd1c5cb778a"},"City":"Chicago"}
{"_id":{"$oid":"5dba81b2920dadd1c5cb77a0"},"City":"Chicago"}
{"_id":{"$oid":"5dba81b2920dadd1c5cb7820"},"City":"Chicago"}
