{"_id":{"$oid":"5db28de95602b33c88811715"},"itemName":"bye"}
{"_id":{"$oid":"5db28def5602b33c88811716"},"itemName":"Apple"}
{"_id":{"$oid":"5db28e015602b33c88811717"},"itemName":"Hello"}
{"_id":{"$oid":"5db28e125602b33c88811718"},"itemName":"Bottle"}
{"_id":{"$oid":"5db28e165602b33c88811719"},"itemName":"Lappy"}
{"_id":{"$oid":"5db28f8ba8898b22489b6d8b"},"itemName":"Lappy"}
{"_id":{"$oid":"5db28fcb3a33072bc0ff6eaf"},"itemName":"Lappy"}
{"_id":{"$oid":"5db29070503c0a37f428b8fa"},"itemName":"ball"}
{"_id":{"$oid":"5db2908efc738f17f8507fe9"},"itemName":"red"}
{"_id":{"$oid":"5db2925a4c347437f46b942b"},"itemName":"red"}
{"_id":{"$oid":"5db2925e4c347437f46b942c"},"itemName":"hgyjmbhk"}
{"_id":{"$oid":"5db29290d5f0dc33a070292e"},"itemName":"hgyjmbhk"}
{"_id":{"$oid":"5db294c2d55124366844daf9"},"itemName":"Phone"}
{"_id":{"$oid":"5db294e406ba6b0648dc361f"},"itemName":"Phone"}
