"{""_id"":{""$oid"":""5db95f589f5cdaeec623d8e1""}","customerName:""Kalpana""",customerId:9005.0,"emailId:""kalpana@gmail.com""",bilAmount:3000.0,"gender:""female""",age:22.0,"address:{""street"":""77"," Near Sikandra""","city:""Agra""","state:""Uttar Pradesh""}","memberships:[""premium""",normal],balance:98000.62,"dob:{""$date"":""2004-05-14T06:01:17.171Z""}","childName:""Golu""}"
"{""_id"":{""$oid"":""5db95f589f5cdaeec623d8e2""}","customerName:""Rekha""",customerId:6543.0,"emailId:""rekha@gmail.com""",bilAmount:2300.0,"gender:""female""",age:34.0,"address:{""street"":""12"," Near Chowki""","city:""Balli Maran""","state:""Delhi""}","memberships:[""premium""",normal],balance:18000.22,"dob:{""$date"":""1998-07-21T06:01:17.171Z""}}",
"{""_id"":{""$oid"":""5db95f589f5cdaeec623d8e3""}","customerName:""Mohit""",customerId:3400.0,"emailId:""mohit@gmail.com""",bilAmount:99.0,"gender:""male""",age:45.0,"address:{""street"":""22"," Opp Dairy""","city:""Mumbai""","state:""Maharashtra""}","memberships:[""premium""",normal],balance:1000.0,"dob:{""$date"":""2012-12-19T06:01:17.171Z""}}",
"{""_id"":{""$oid"":""5db9603f9f5cdaeec623d8e4""}","customerName:""Mohan""",customerId:8000.0,"emailId:""mohan@gmail.com""",bilAmount:9800.0,"gender:""male""",age:23.0,"address:{""street"":""89"," BTM Layout""","city:""Bangalore""","state:""Karnataka""}","memberships:[""premium""",normal],balance:78000.67,"dob:{""$date"":""1998-02-10T06:01:17.171Z""}}",
"{""_id"":{""$oid"":""5db9603f9f5cdaeec623d8e5""}","customerName:""Lalit""",customerId:9000.0,"emailId:""lalit@gmail.com""",bilAmount:1200.0,"gender:""male""",age:29.0,"address:{""street"":""11"," Virandavan""","city:""Mathura""","state:""UttarPradesh""}","memberships:[""premium""",normal],balance:6700.67,"dob:{""$date"":""1977-04-09T06:01:17.171Z""}}",
"{""_id"":{""$oid"":""5db9603f9f5cdaeec623d8e6""}","customerName:""Kalpana""",customerId:9001.0,"emailId:""kalpana@gmail.com""",bilAmount:3000.0,"gender:""female""",age:22.0,"address:{""street"":""77"," Near Sikandra""","city:""Agra""","state:""Uttar Pradesh""}","memberships:[""premium""",normal],balance:98000.62,"childName:""Golu""","dob:{""$date"":""2004-05-14T06:01:17.171Z""}}"
"{""_id"":{""$oid"":""5db9603f9f5cdaeec623d8e7""}","customerName:""Rekha""",customerId:6543.0,"emailId:""rekha@gmail.com""",bilAmount:2300.0,"gender:""female""",age:34.0,"address:{""street"":""12"," Near Chowki""","city:""Balli Maran""","state:""Delhi""}","memberships:[""premium""",normal],balance:18000.22,"dob:{""$date"":""1998-07-21T06:01:17.171Z""}}",
"{""_id"":{""$oid"":""5db9603f9f5cdaeec623d8e8""}","customerName:""Mohit""",customerId:3400.0,"emailId:""mohit@gmail.com""",bilAmount:99.0,"gender:""male""",age:45.0,"address:{""street"":""22"," Opp Dairy""","city:""Mumbai""","state:""Maharashtra""}","memberships:[""premium""",normal],balance:1000.0,"dob:{""$date"":""2012-12-19T06:01:17.171Z""}}",
"{""_id"":{""$oid"":""5db96305fd2d7c946d435579""}","customerName:""Divakar""","childName:""Tilu""","dob:{""$date"":""2000-04-18T06:01:17.171Z""}}",,,,,,,,,,,,
